SK_ID;CSI;CONTACT_DATE
2;0;04.05
3;0;21.05
4;0;27.05
5;0;08.05
6;1;06.05
7;0;03.05
8;1;30.05
9;0;29.05
10;0;26.05
11;0;02.05
12;0;26.05
13;0;30.05
14;0;02.05
15;0;09.05
16;0;17.05
17;1;12.05
18;0;21.05
19;0;15.05
20;0;17.05
21;0;29.05
22;0;20.05
23;0;30.05
24;0;01.05
25;0;10.05
26;0;25.05
27;0;23.05
28;1;31.05
30;0;02.05
31;0;08.05
33;0;25.05
34;0;21.05
35;0;28.05
36;0;18.05
37;0;05.05
38;0;12.05
39;0;26.05
40;0;06.05
41;0;10.05
42;0;24.05
43;0;27.05
44;0;12.05
45;0;04.05
46;0;09.05
47;0;19.05
48;0;06.05
49;1;09.05
50;0;06.05
51;0;25.05
52;0;20.05
53;0;25.05
54;0;12.05
55;0;31.05
56;0;07.05
57;0;09.05
58;0;18.05
59;0;28.05
60;0;27.05
61;0;02.05
62;0;04.05
63;0;10.05
64;0;23.05
65;0;30.05
66;0;14.05
67;0;08.05
68;1;10.05
69;0;11.05
70;0;04.05
71;0;01.05
72;0;18.05
73;0;13.05
75;1;29.05
76;0;29.05
77;1;25.05
78;0;29.05
79;0;17.05
81;0;04.05
82;0;07.05
83;0;31.05
84;0;28.05
85;1;27.05
86;0;27.05
87;0;14.05
88;0;26.05
89;0;06.05
90;0;18.05
92;1;05.05
93;0;22.05
94;0;22.05
95;0;28.05
96;0;10.05
97;0;14.05
98;0;01.05
99;0;19.05
100;0;29.05
101;0;20.05
102;0;07.05
103;0;01.05
106;1;30.05
107;1;22.05
109;0;11.05
110;0;22.05
112;0;22.05
113;1;26.05
114;0;05.05
115;0;17.05
116;0;02.05
119;0;01.05
120;0;04.05
121;0;11.05
122;0;03.05
123;0;08.05
124;0;06.05
125;0;29.05
126;0;09.05
127;0;04.05
128;0;08.05
129;0;14.05
130;0;08.05
131;0;18.05
132;0;08.05
133;0;03.05
134;0;05.05
135;1;16.05
136;0;05.05
137;0;29.05
138;0;10.05
139;1;13.05
140;1;14.05
141;1;27.05
143;0;02.05
144;1;08.05
145;0;19.05
146;0;10.05
147;0;23.05
148;0;08.05
149;0;07.05
150;0;13.05
151;0;09.05
152;0;04.05
153;0;10.05
154;0;20.05
155;0;17.05
156;0;15.05
157;0;30.05
158;0;25.05
159;0;09.05
160;0;03.05
161;0;18.05
162;1;08.05
163;0;25.05
165;0;03.05
166;0;05.05
167;0;01.05
168;0;02.05
169;0;16.05
170;0;25.05
171;0;01.05
172;0;25.05
173;1;11.05
174;0;01.05
175;1;08.05
176;1;26.05
177;1;22.05
178;0;17.05
179;0;12.05
180;1;26.05
181;0;22.05
182;1;12.05
183;0;16.05
184;1;27.05
185;0;21.05
186;0;11.05
187;0;02.05
188;0;04.05
189;0;25.05
190;0;21.05
191;0;26.05
192;0;24.05
193;0;04.05
194;0;06.05
195;0;03.05
196;0;24.05
197;0;11.05
198;0;01.05
199;0;20.05
200;0;12.05
201;0;13.05
202;0;30.05
203;0;15.05
204;0;02.05
205;0;21.05
206;1;21.05
207;0;12.05
208;0;11.05
209;0;12.05
210;1;26.05
211;0;13.05
212;0;28.05
213;0;09.05
215;0;22.05
216;0;10.05
217;0;17.05
218;0;13.05
219;1;11.05
220;0;10.05
221;0;16.05
222;1;29.05
223;0;31.05
224;0;23.05
225;0;13.05
226;0;31.05
227;0;02.05
228;0;07.05
229;0;12.05
230;0;13.05
231;0;24.05
232;1;09.05
233;0;07.05
234;0;29.05
235;0;12.05
236;0;11.05
237;0;17.05
238;0;31.05
240;0;20.05
241;0;07.05
242;0;12.05
243;1;14.05
244;0;03.05
245;0;07.05
246;0;12.05
247;1;05.05
248;1;17.05
249;0;11.05
250;0;14.05
252;0;01.05
253;0;23.05
254;0;14.05
256;0;19.05
257;0;29.05
258;0;01.05
259;0;18.05
260;0;29.05
261;0;21.05
262;0;16.05
263;0;01.05
265;0;22.05
266;0;13.05
267;1;04.05
268;0;25.05
269;1;17.05
270;0;27.05
271;1;27.05
272;0;05.05
273;1;20.05
274;1;24.05
275;0;14.05
276;0;01.05
277;0;11.05
278;0;08.05
279;0;22.05
280;0;22.05
281;0;11.05
282;0;28.05
283;0;24.05
284;1;02.05
285;0;03.05
286;0;01.05
287;0;29.05
288;0;28.05
289;0;01.05
290;0;04.05
291;0;12.05
292;0;12.05
294;0;28.05
295;0;28.05
296;0;14.05
298;0;02.05
299;0;12.05
300;1;11.05
301;0;05.05
303;0;22.05
304;0;19.05
305;0;24.05
306;0;21.05
307;1;14.05
308;0;27.05
309;0;30.05
310;0;04.05
312;0;16.05
313;0;30.05
314;0;07.05
315;0;23.05
316;1;10.05
318;0;30.05
319;0;19.05
320;0;02.05
321;0;27.05
322;0;11.05
323;1;28.05
324;0;07.05
325;0;04.05
326;0;10.05
328;0;29.05
329;0;09.05
330;0;14.05
332;0;25.05
333;0;02.05
334;0;14.05
335;1;13.05
336;0;01.05
337;0;19.05
338;0;18.05
339;0;16.05
340;0;30.05
341;0;13.05
342;0;18.05
344;0;17.05
347;0;10.05
348;0;08.05
349;0;09.05
350;0;30.05
351;0;02.05
352;0;21.05
353;0;11.05
354;0;12.05
355;1;11.05
356;0;22.05
358;0;01.05
359;0;15.05
360;0;02.05
362;0;21.05
363;0;15.05
364;0;08.05
365;0;21.05
366;0;24.05
367;0;11.05
368;0;01.05
370;0;06.05
371;1;20.05
372;0;03.05
373;0;12.05
374;0;25.05
375;0;14.05
376;0;08.05
377;0;06.05
378;0;25.05
379;0;19.05
380;0;18.05
381;0;30.05
382;0;11.05
383;0;02.05
384;0;30.05
385;0;04.05
387;1;09.05
388;0;09.05
390;0;12.05
391;0;10.05
392;1;01.05
393;1;16.05
394;0;28.05
395;0;12.05
396;0;28.05
397;1;04.05
398;1;12.05
399;0;12.05
400;0;12.05
401;1;21.05
402;0;14.05
403;1;01.05
404;0;30.05
405;0;29.05
406;0;14.05
407;0;18.05
408;0;20.05
409;0;21.05
410;0;16.05
411;0;06.05
412;0;01.05
413;0;02.05
414;0;17.05
415;0;11.05
416;1;09.05
417;0;12.05
418;0;28.05
419;0;12.05
420;1;11.05
421;0;13.05
422;0;13.05
423;0;18.05
424;0;11.05
426;0;19.05
427;0;11.05
429;0;13.05
431;0;07.05
433;0;06.05
434;0;16.05
435;0;20.05
436;0;25.05
437;0;26.05
438;0;06.05
439;0;13.05
440;0;14.05
441;0;30.05
442;0;07.05
443;1;17.05
444;0;17.05
445;0;13.05
446;0;20.05
447;0;07.05
448;0;19.05
450;0;03.05
451;0;31.05
452;0;12.05
454;0;27.05
455;0;08.05
456;0;19.05
457;0;21.05
459;0;16.05
461;1;04.05
462;1;11.05
463;0;07.05
464;0;16.05
465;0;30.05
466;1;16.05
467;1;26.05
468;1;20.05
469;0;03.05
470;1;08.05
471;0;14.05
472;0;30.05
473;0;19.05
474;0;02.05
475;0;24.05
476;0;03.05
477;0;08.05
478;1;08.05
479;0;18.05
480;0;09.05
481;0;10.05
482;0;13.05
483;0;29.05
484;0;02.05
485;0;08.05
486;0;19.05
487;0;02.05
488;0;13.05
489;0;30.05
490;0;19.05
491;1;17.05
492;0;18.05
493;0;12.05
494;1;03.05
495;0;12.05
496;0;24.05
497;0;09.05
498;0;22.05
499;0;17.05
500;0;27.05
501;0;13.05
502;0;04.05
503;0;07.05
504;0;17.05
505;0;09.05
506;0;08.05
507;1;16.05
508;1;13.05
509;1;03.05
510;0;11.05
511;0;11.05
512;1;12.05
513;0;03.05
514;1;17.05
515;1;25.05
516;0;30.05
517;0;08.05
518;0;13.05
520;0;18.05
521;0;01.05
522;1;08.05
523;0;28.05
524;0;24.05
525;0;20.05
526;0;03.05
527;0;14.05
528;1;18.05
529;0;17.05
531;1;14.05
532;0;01.05
534;0;28.05
535;0;20.05
536;0;01.05
537;0;09.05
538;0;21.05
539;1;11.05
542;0;24.05
543;0;16.05
544;0;27.05
545;0;28.05
546;0;25.05
547;0;26.05
548;0;25.05
549;0;02.05
550;0;02.05
551;0;29.05
552;0;24.05
553;0;12.05
554;0;17.05
555;1;28.05
556;0;16.05
557;0;27.05
558;1;13.05
559;0;13.05
560;0;24.05
561;0;01.05
562;0;07.05
563;0;02.05
564;0;11.05
565;1;06.05
566;0;12.05
567;0;12.05
568;1;22.05
570;1;06.05
571;0;20.05
573;1;04.05
574;0;30.05
575;0;21.05
576;1;21.05
577;0;05.05
578;0;02.05
579;0;26.05
580;0;09.05
581;0;24.05
582;0;24.05
583;0;05.05
584;0;04.05
585;0;08.05
586;0;21.05
587;0;12.05
589;1;08.05
590;0;30.05
591;1;08.05
592;0;01.05
593;0;06.05
594;1;17.05
595;0;09.05
596;1;24.05
597;0;04.05
598;0;17.05
599;0;04.05
600;0;14.05
601;1;07.05
602;0;20.05
603;0;08.05
604;0;27.05
605;0;26.05
606;0;31.05
608;1;25.05
609;0;14.05
610;0;26.05
611;0;05.05
612;0;10.05
614;0;31.05
615;0;09.05
616;0;03.05
618;0;08.05
619;0;12.05
620;0;29.05
621;0;24.05
622;0;13.05
623;1;13.05
624;0;09.05
626;0;08.05
627;0;03.05
628;0;29.05
629;0;09.05
630;0;08.05
631;0;14.05
632;0;01.05
633;0;29.05
635;0;25.05
637;0;19.05
638;0;30.05
639;0;21.05
640;0;11.05
641;1;05.05
642;1;25.05
643;0;13.05
644;1;03.05
645;0;17.05
646;0;06.05
647;1;19.05
648;0;03.05
649;0;02.05
651;0;25.05
652;0;25.05
653;0;14.05
654;0;24.05
655;0;27.05
656;0;26.05
657;1;05.05
658;0;01.05
659;0;09.05
660;0;30.05
661;0;21.05
662;0;26.05
663;0;10.05
664;1;02.05
665;0;25.05
666;0;09.05
667;0;04.05
668;0;10.05
669;0;26.05
670;0;07.05
671;1;24.05
672;0;17.05
673;0;28.05
674;0;01.05
675;1;23.05
677;0;10.05
678;0;12.05
679;0;16.05
680;1;06.05
681;0;18.05
682;0;10.05
683;1;18.05
684;0;31.05
685;0;03.05
686;0;25.05
688;0;07.05
690;0;10.05
691;1;02.05
692;0;24.05
693;1;29.05
694;0;11.05
695;0;24.05
697;1;10.05
698;1;09.05
699;0;19.05
700;0;02.05
701;1;25.05
702;0;05.05
703;0;16.05
704;0;08.05
705;1;17.05
706;0;04.05
707;0;30.05
708;0;01.05
709;1;11.05
711;0;16.05
712;0;16.05
713;0;30.05
715;1;27.05
716;0;11.05
717;0;02.05
718;0;02.05
719;0;24.05
720;0;29.05
721;0;20.05
722;0;12.05
723;0;08.05
724;0;20.05
725;0;18.05
726;0;11.05
727;0;12.05
728;0;14.05
729;0;13.05
730;1;13.05
731;0;04.05
732;0;26.05
733;0;25.05
734;0;27.05
735;0;30.05
736;0;25.05
737;0;02.05
738;0;26.05
739;0;24.05
740;0;29.05
742;0;08.05
743;0;07.05
744;0;06.05
745;1;05.05
746;1;09.05
747;1;21.05
748;0;12.05
749;0;07.05
750;0;12.05
751;0;15.05
752;0;06.05
753;1;25.05
754;1;09.05
755;0;12.05
757;1;10.05
758;1;21.05
759;0;06.05
761;0;11.05
762;0;04.05
763;0;28.05
764;1;12.05
765;0;04.05
766;0;11.05
767;0;09.05
768;0;22.05
769;0;21.05
770;0;04.05
771;0;13.05
772;0;30.05
773;0;21.05
776;0;05.05
777;0;10.05
778;0;19.05
779;0;08.05
780;0;05.05
781;0;25.05
782;0;18.05
783;0;03.05
784;1;09.05
785;0;26.05
786;0;23.05
787;1;30.05
788;0;05.05
790;0;02.05
791;0;10.05
792;1;11.05
793;0;25.05
795;0;11.05
796;0;28.05
797;0;02.05
798;0;12.05
799;1;04.05
800;0;03.05
801;0;26.05
802;1;24.05
803;0;31.05
804;0;28.05
805;0;05.05
806;0;04.05
807;0;10.05
808;0;24.05
810;0;06.05
811;0;25.05
812;0;01.05
813;0;12.05
815;0;08.05
816;0;12.05
817;0;05.05
818;0;30.05
819;1;29.05
820;0;08.05
821;1;01.05
822;1;24.05
823;0;06.05
824;0;04.05
826;0;25.05
827;0;17.05
828;0;22.05
829;0;20.05
831;0;16.05
832;0;07.05
833;1;24.05
834;0;13.05
835;0;28.05
836;0;19.05
838;1;27.05
839;0;20.05
840;0;06.05
841;0;29.05
843;0;22.05
844;0;16.05
845;0;02.05
847;0;02.05
848;0;02.05
849;0;27.05
850;0;29.05
851;0;27.05
852;0;10.05
853;0;13.05
854;0;31.05
855;1;11.05
856;0;14.05
857;0;20.05
858;0;14.05
859;0;10.05
860;0;30.05
861;0;27.05
862;0;09.05
863;0;02.05
864;0;21.05
865;1;03.05
866;0;18.05
867;0;26.05
868;1;07.05
869;0;30.05
870;0;01.05
872;0;04.05
873;0;03.05
874;0;02.05
876;0;08.05
877;0;13.05
879;0;31.05
880;0;12.05
881;1;17.05
882;0;16.05
883;0;16.05
885;1;05.05
886;0;04.05
887;0;29.05
889;0;05.05
890;0;30.05
892;0;18.05
893;0;10.05
894;0;04.05
895;0;02.05
896;0;01.05
897;0;02.05
898;0;04.05
899;1;22.05
900;0;02.05
901;0;12.05
903;0;13.05
904;0;05.05
905;0;02.05
906;0;23.05
907;0;01.05
908;1;21.05
909;0;22.05
910;0;08.05
911;0;29.05
912;1;14.05
913;0;22.05
914;0;02.05
915;0;06.05
916;0;21.05
918;0;30.05
919;0;29.05
920;0;08.05
921;0;27.05
922;0;12.05
923;0;26.05
924;0;11.05
925;0;30.05
927;0;16.05
928;1;12.05
929;0;14.05
930;0;28.05
931;0;03.05
932;0;30.05
933;0;09.05
934;0;17.05
937;0;27.05
938;0;12.05
939;0;02.05
940;0;13.05
941;0;11.05
942;0;10.05
943;1;23.05
944;0;28.05
945;0;27.05
946;0;03.05
948;1;07.05
949;0;13.05
950;0;15.05
951;0;01.05
952;0;19.05
954;0;12.05
955;0;17.05
956;0;13.05
957;0;24.05
958;1;03.05
959;0;27.05
960;0;19.05
961;0;12.05
962;1;18.05
963;1;16.05
964;0;25.05
966;0;10.05
968;0;12.05
969;0;05.05
970;0;10.05
971;0;31.05
974;0;26.05
975;0;27.05
977;0;14.05
979;0;05.05
980;0;05.05
981;0;17.05
982;0;02.05
983;0;03.05
985;0;13.05
986;0;21.05
987;1;02.05
988;0;12.05
989;1;23.05
990;0;29.05
991;0;17.05
992;0;31.05
993;0;31.05
994;1;26.05
995;0;09.05
996;0;24.05
998;0;24.05
999;0;14.05
1000;0;01.05
1001;0;12.05
1002;0;30.05
1003;0;28.05
1004;0;14.05
1005;0;11.05
1006;0;08.05
1007;0;16.05
1008;0;12.05
1009;1;13.05
1010;1;01.05
1011;0;13.05
1012;0;14.05
1013;0;11.05
1014;0;22.05
1015;0;12.05
1016;1;09.05
1017;0;29.05
1018;0;08.05
1019;0;31.05
1021;0;24.05
1022;0;18.05
1023;1;11.05
1024;1;17.05
1025;0;08.05
1026;1;04.05
1027;0;26.05
1028;0;12.05
1029;1;07.05
1030;0;13.05
1031;0;22.05
1032;0;12.05
1033;0;31.05
1034;0;03.05
1035;0;29.05
1037;0;26.05
1038;1;09.05
1039;0;08.05
1041;0;19.05
1042;0;13.05
1043;1;23.05
1044;0;06.05
1045;0;31.05
1046;0;24.05
1048;0;02.05
1049;0;10.05
1050;0;30.05
1051;0;22.05
1052;0;10.05
1053;0;23.05
1054;0;18.05
1055;0;12.05
1056;0;25.05
1057;0;11.05
1058;0;10.05
1059;0;06.05
1060;1;14.05
1061;0;30.05
1062;0;14.05
1063;0;15.05
1064;0;08.05
1065;0;05.05
1067;0;30.05
1068;0;16.05
1069;0;24.05
1070;0;14.05
1071;0;14.05
1072;0;17.05
1073;0;12.05
1074;0;22.05
1075;0;19.05
1076;0;08.05
1077;0;23.05
1078;0;07.05
1079;1;14.05
1080;0;31.05
1081;1;11.05
1082;0;13.05
1083;0;21.05
1085;0;29.05
1086;0;21.05
1087;0;02.05
1089;0;30.05
1090;0;09.05
1091;0;28.05
1092;0;26.05
1094;0;15.05
1095;0;07.05
1096;0;17.05
1097;1;18.05
1098;0;21.05
1099;0;19.05
1100;0;21.05
1101;0;22.05
1102;0;08.05
1103;0;22.05
1104;0;16.05
1105;0;16.05
1106;0;15.05
1107;0;28.05
1108;0;27.05
1109;0;07.05
1110;1;09.05
1111;0;25.05
1112;0;29.05
1113;0;18.05
1114;0;09.05
1115;0;03.05
1118;0;27.05
1119;0;30.05
1120;0;14.05
1121;0;13.05
1122;0;26.05
1123;0;07.05
1124;0;09.05
1125;0;03.05
1126;0;21.05
1127;0;12.05
1130;0;05.05
1131;0;01.05
1132;0;25.05
1133;1;07.05
1134;0;31.05
1135;0;21.05
1136;0;19.05
1138;0;16.05
1139;0;26.05
1140;0;26.05
1141;0;25.05
1142;0;19.05
1143;1;22.05
1144;1;03.05
1145;0;29.05
1146;0;05.05
1147;0;22.05
1148;0;14.05
1149;0;08.05
1150;0;09.05
1151;0;07.05
1152;0;30.05
1153;1;07.05
1155;0;06.05
1156;1;21.05
1157;0;07.05
1158;0;14.05
1159;0;11.05
1160;0;13.05
1161;1;30.05
1162;0;21.05
1164;0;13.05
1165;0;30.05
1166;0;29.05
1167;1;11.05
1168;0;28.05
1169;0;08.05
1170;0;06.05
1171;0;20.05
1172;1;04.05
1173;1;13.05
1174;0;21.05
1175;0;22.05
1176;0;05.05
1177;0;21.05
1178;0;03.05
1180;0;27.05
1181;0;17.05
1183;0;20.05
1184;0;16.05
1185;0;05.05
1186;1;07.05
1187;0;04.05
1188;0;29.05
1189;0;30.05
1191;1;17.05
1192;0;14.05
1194;0;17.05
1195;0;19.05
1196;0;06.05
1197;1;07.05
1199;1;28.05
1200;0;10.05
1201;0;31.05
1202;0;05.05
1203;1;14.05
1204;0;07.05
1205;0;26.05
1206;0;28.05
1207;0;25.05
1209;0;13.05
1210;0;12.05
1212;0;11.05
1213;0;11.05
1214;0;31.05
1215;0;29.05
1216;0;04.05
1217;1;13.05
1218;0;27.05
1220;0;27.05
1221;0;31.05
1222;0;21.05
1223;0;14.05
1224;0;06.05
1225;0;24.05
1226;0;28.05
1227;0;24.05
1228;0;08.05
1229;1;19.05
1230;0;08.05
1231;0;20.05
1232;0;17.05
1233;0;24.05
1234;0;10.05
1235;0;05.05
1236;0;20.05
1238;0;22.05
1239;0;01.05
1240;0;21.05
1241;0;08.05
1242;0;11.05
1243;0;26.05
1244;0;12.05
1245;1;22.05
1246;0;05.05
1247;0;28.05
1249;0;05.05
1250;0;02.05
1251;0;27.05
1252;0;28.05
1253;0;01.05
1254;0;20.05
1255;0;06.05
1256;0;14.05
1257;1;30.05
1258;0;22.05
1259;0;08.05
1260;0;27.05
1261;1;20.05
1262;0;19.05
1263;0;11.05
1264;0;07.05
1265;0;23.05
1266;0;13.05
1268;0;12.05
1269;0;27.05
1270;0;12.05
1271;1;12.05
1272;0;05.05
1273;0;06.05
1275;0;02.05
1277;1;17.05
1278;0;24.05
1279;0;19.05
1281;0;06.05
1282;0;11.05
1283;0;17.05
1284;0;25.05
1285;0;03.05
1286;1;14.05
1287;0;18.05
1288;0;26.05
1289;0;17.05
1290;0;23.05
1291;0;19.05
1292;0;02.05
1293;0;07.05
1294;0;06.05
1295;0;02.05
1296;0;13.05
1297;0;11.05
1298;0;01.05
1299;0;08.05
1300;0;07.05
1301;0;28.05
1302;1;30.05
1303;0;08.05
1304;0;12.05
1305;0;10.05
1306;0;11.05
1307;1;03.05
1308;0;04.05
1310;0;15.05
1311;0;21.05
1313;0;19.05
1314;0;09.05
1315;0;17.05
1316;0;17.05
1317;0;17.05
1318;1;08.05
1319;0;24.05
1321;0;27.05
1322;0;12.05
1323;0;14.05
1324;0;09.05
1325;0;07.05
1326;1;12.05
1327;0;08.05
1328;0;08.05
1329;0;13.05
1333;0;21.05
1334;0;16.05
1335;0;13.05
1336;0;07.05
1337;0;12.05
1338;0;09.05
1339;0;01.05
1340;0;10.05
1341;0;30.05
1342;0;04.05
1343;0;07.05
1344;0;29.05
1345;0;13.05
1346;0;05.05
1347;0;20.05
1349;0;31.05
1350;0;10.05
1351;0;05.05
1352;0;29.05
1353;0;21.05
1354;0;08.05
1355;0;28.05
1356;0;28.05
1357;0;01.05
1358;0;29.05
1359;0;31.05
1360;0;30.05
1362;0;09.05
1363;0;24.05
1364;0;05.05
1365;0;23.05
1366;0;02.05
1367;0;03.05
1368;0;10.05
1369;0;16.05
1370;0;17.05
1371;0;08.05
1372;0;27.05
1373;0;24.05
1376;0;17.05
1377;0;21.05
1378;0;17.05
1379;0;02.05
1380;0;28.05
1381;1;01.05
1382;0;12.05
1383;1;28.05
1384;0;03.05
1385;0;23.05
1386;0;16.05
1388;0;13.05
1390;0;06.05
1391;0;17.05
1392;0;14.05
1393;1;27.05
1394;0;08.05
1395;1;24.05
1396;0;22.05
1397;0;04.05
1398;0;28.05
1399;0;02.05
1400;0;04.05
1401;0;17.05
1402;0;23.05
1403;0;01.05
1404;1;13.05
1405;0;24.05
1406;0;23.05
1407;0;02.05
1408;0;11.05
1409;0;19.05
1410;0;28.05
1411;0;27.05
1412;0;21.05
1413;0;02.05
1414;0;24.05
1415;0;13.05
1416;0;22.05
1417;0;10.05
1418;1;02.05
1419;0;29.05
1421;0;28.05
1422;0;25.05
1423;0;17.05
1424;0;21.05
1425;0;06.05
1426;0;29.05
1427;0;26.05
1428;0;05.05
1429;0;22.05
1431;0;02.05
1432;0;12.05
1433;0;19.05
1434;0;01.05
1435;0;17.05
1436;1;08.05
1437;0;12.05
1438;1;29.05
1439;0;12.05
1440;0;04.05
1441;0;17.05
1442;0;17.05
1444;0;03.05
1445;1;24.05
1446;0;09.05
1447;0;08.05
1448;0;22.05
1449;0;02.05
1450;0;10.05
1451;0;01.05
1453;0;01.05
1454;0;09.05
1455;0;27.05
1456;0;10.05
1458;0;02.05
1459;0;24.05
1460;0;02.05
1461;0;10.05
1462;0;10.05
1463;1;10.05
1464;0;08.05
1465;0;09.05
1467;0;27.05
1468;0;21.05
1469;1;10.05
1470;0;14.05
1471;0;27.05
1472;1;02.05
1473;0;12.05
1474;0;06.05
1475;0;15.05
1476;0;11.05
1478;0;30.05
1479;0;07.05
1480;0;13.05
1481;0;02.05
1482;0;10.05
1483;0;03.05
1484;0;14.05
1485;1;18.05
1486;0;06.05
1489;1;31.05
1490;0;29.05
1491;0;12.05
1492;0;13.05
1493;0;06.05
1494;0;18.05
1495;0;03.05
1497;0;22.05
1498;0;28.05
1500;0;22.05
1502;0;29.05
1503;0;12.05
1504;0;27.05
1505;0;12.05
1507;0;02.05
1508;1;03.05
1509;0;29.05
1510;0;13.05
1511;1;21.05
1512;0;30.05
1514;0;18.05
1515;0;10.05
1516;0;24.05
1517;0;18.05
1518;0;09.05
1519;0;08.05
1520;0;25.05
1521;0;18.05
1522;0;17.05
1523;0;14.05
1524;0;23.05
1525;0;01.05
1527;0;08.05
1528;0;05.05
1529;0;25.05
1531;1;13.05
1532;1;06.05
1534;0;26.05
1535;0;13.05
1536;0;13.05
1537;0;29.05
1538;0;12.05
1539;0;18.05
1540;1;06.05
1541;0;30.05
1542;0;19.05
1543;0;27.05
1544;0;18.05
1545;0;13.05
1546;0;30.05
1547;0;04.05
1548;0;27.05
1549;0;13.05
1550;0;08.05
1551;0;02.05
1552;1;28.05
1553;0;01.05
1554;1;08.05
1555;0;08.05
1556;1;08.05
1557;0;14.05
1558;0;01.05
1560;0;17.05
1561;0;01.05
1562;1;22.05
1563;1;06.05
1564;0;11.05
1565;0;26.05
1566;0;03.05
1567;0;23.05
1568;0;13.05
1569;0;22.05
1570;0;31.05
1571;0;26.05
1572;0;17.05
1573;1;18.05
1574;0;10.05
1575;0;19.05
1576;0;05.05
1577;0;13.05
1578;1;17.05
1579;0;24.05
1580;0;12.05
1581;0;25.05
1582;0;10.05
1583;0;23.05
1584;0;23.05
1585;0;13.05
1586;0;12.05
1587;1;09.05
1588;0;14.05
1589;0;18.05
1590;0;19.05
1591;0;07.05
1592;0;03.05
1593;0;18.05
1594;0;18.05
1595;0;29.05
1596;0;28.05
1597;0;06.05
1598;0;19.05
1599;0;08.05
1600;0;17.05
1601;0;17.05
1602;0;08.05
1603;0;28.05
1604;0;22.05
1605;0;02.05
1606;0;22.05
1607;0;09.05
1608;0;26.05
1609;0;09.05
1610;0;06.05
1611;0;05.05
1612;0;11.05
1613;0;24.05
1614;0;05.05
1615;1;09.05
1616;1;12.05
1617;0;24.05
1618;0;12.05
1619;1;26.05
1620;0;04.05
1621;0;22.05
1622;1;21.05
1623;0;14.05
1624;0;28.05
1626;1;03.05
1627;0;25.05
1628;0;17.05
1629;0;11.05
1630;0;24.05
1631;0;30.05
1632;0;23.05
1633;0;30.05
1634;0;10.05
1635;0;27.05
1636;0;04.05
1637;0;09.05
1638;0;13.05
1639;1;23.05
1640;0;12.05
1641;0;08.05
1642;0;23.05
1644;0;04.05
1645;0;07.05
1646;1;17.05
1647;0;04.05
1648;0;27.05
1649;1;27.05
1650;0;08.05
1651;0;12.05
1652;0;29.05
1653;0;13.05
1654;0;02.05
1655;0;27.05
1656;0;11.05
1657;0;08.05
1658;0;17.05
1659;0;01.05
1660;0;17.05
1662;0;17.05
1664;0;12.05
1665;0;02.05
1667;1;02.05
1668;0;02.05
1669;1;06.05
1670;0;08.05
1672;1;18.05
1673;0;17.05
1674;0;13.05
1675;0;25.05
1676;0;16.05
1678;0;08.05
1679;0;26.05
1680;1;20.05
1681;0;03.05
1682;0;06.05
1683;0;06.05
1684;0;18.05
1685;0;13.05
1686;0;26.05
1687;0;03.05
1688;0;24.05
1689;0;10.05
1691;0;31.05
1692;0;31.05
1693;0;02.05
1694;1;14.05
1695;0;22.05
1696;0;22.05
1697;0;07.05
1698;0;27.05
1699;0;16.05
1700;0;07.05
1701;0;04.05
1702;0;22.05
1704;0;21.05
1705;0;16.05
1706;0;03.05
1707;0;09.05
1708;1;28.05
1709;0;31.05
1710;0;26.05
1711;0;09.05
1712;0;29.05
1713;0;12.05
1715;1;28.05
1717;0;01.05
1718;0;16.05
1719;0;14.05
1720;0;08.05
1721;0;08.05
1722;0;01.05
1723;0;13.05
1724;0;30.05
1725;0;18.05
1726;0;17.05
1727;0;10.05
1728;1;25.05
1729;0;01.05
1730;0;12.05
1731;1;07.05
1733;0;03.05
1734;1;28.05
1735;1;27.05
1736;0;29.05
1737;0;14.05
1738;0;08.05
1739;0;31.05
1740;0;30.05
1741;0;04.05
1742;0;13.05
1743;0;06.05
1744;0;05.05
1746;0;30.05
1747;0;30.05
1748;0;10.05
1749;0;28.05
1750;1;04.05
1751;0;12.05
1752;1;01.05
1753;1;05.05
1754;0;19.05
1755;0;13.05
1756;0;16.05
1757;0;08.05
1758;0;25.05
1759;0;12.05
1760;0;08.05
1761;0;05.05
1762;0;26.05
1763;0;13.05
1764;0;05.05
1765;0;15.05
1766;0;16.05
1767;0;17.05
1768;0;28.05
1769;0;10.05
1770;0;04.05
1771;0;07.05
1772;0;29.05
1773;0;09.05
1774;0;12.05
1775;0;20.05
1776;0;07.05
1777;0;11.05
1778;0;12.05
1779;0;24.05
1780;0;17.05
1781;0;28.05
1782;0;24.05
1783;0;21.05
1784;0;14.05
1785;1;07.05
1786;0;28.05
1787;0;29.05
1788;1;29.05
1789;0;26.05
1790;0;12.05
1791;0;19.05
1792;0;16.05
1793;0;30.05
1794;0;09.05
1795;0;29.05
1796;0;06.05
1797;0;07.05
1798;1;13.05
1799;1;26.05
1800;0;28.05
1801;0;17.05
1803;0;10.05
1805;0;12.05
1806;0;01.05
1807;1;07.05
1808;0;14.05
1809;0;12.05
1810;0;04.05
1811;0;06.05
1812;0;08.05
1813;0;03.05
1814;0;07.05
1815;0;21.05
1816;0;05.05
1817;0;22.05
1818;0;25.05
1820;0;22.05
1822;0;17.05
1823;1;06.05
1824;1;25.05
1825;1;21.05
1826;1;17.05
1827;1;01.05
1828;0;13.05
1829;0;06.05
1830;0;07.05
1831;0;25.05
1833;0;09.05
1835;0;11.05
1836;0;31.05
1837;0;15.05
1838;0;19.05
1839;0;29.05
1840;0;31.05
1841;0;04.05
1843;0;26.05
1844;0;06.05
1845;0;10.05
1846;1;17.05
1847;0;10.05
1848;0;14.05
1849;0;31.05
1850;0;10.05
1851;0;05.05
1852;0;12.05
1855;0;04.05
1857;0;06.05
1858;0;27.05
1859;1;12.05
1860;0;14.05
1861;0;31.05
1862;0;09.05
1863;0;21.05
1864;0;23.05
1865;0;21.05
1866;0;27.05
1868;0;04.05
1869;0;03.05
1871;0;01.05
1872;1;05.05
1874;1;18.05
1875;0;28.05
1876;0;10.05
1877;0;08.05
1878;0;13.05
1879;0;04.05
1880;0;01.05
1882;0;14.05
1883;0;16.05
1884;0;05.05
1885;1;16.05
1886;0;13.05
1887;0;03.05
1888;0;11.05
1889;0;26.05
1890;0;22.05
1891;1;12.05
1892;0;01.05
1893;0;13.05
1894;0;27.05
1896;0;23.05
1897;0;21.05
1898;0;17.05
1899;0;06.05
1901;0;02.05
1902;0;12.05
1903;0;28.05
1904;0;07.05
1905;0;07.05
1907;0;17.05
1908;0;09.05
1910;0;17.05
1911;1;01.05
1912;0;12.05
1913;1;09.05
1914;1;27.05
1915;0;10.05
1916;1;03.05
1917;0;13.05
1918;0;12.05
1919;0;08.05
1920;0;11.05
1921;0;02.05
1922;0;31.05
1923;0;22.05
1924;0;09.05
1925;1;05.05
1926;1;11.05
1928;0;02.05
1929;1;23.05
1930;0;13.05
1931;0;31.05
1932;0;19.05
1934;1;02.05
1936;0;02.05
1937;0;28.05
1938;0;05.05
1939;0;14.05
1940;0;30.05
1941;1;10.05
1943;0;10.05
1944;0;09.05
1945;0;12.05
1946;1;09.05
1947;0;03.05
1948;1;11.05
1949;0;14.05
1950;0;21.05
1951;0;15.05
1952;1;03.05
1953;0;16.05
1956;0;04.05
1957;1;09.05
1958;0;23.05
1959;0;01.05
1960;0;31.05
1961;0;10.05
1962;1;16.05
1963;0;06.05
1964;0;01.05
1965;0;09.05
1966;0;10.05
1968;0;25.05
1969;0;24.05
1970;0;25.05
1971;0;22.05
1972;0;17.05
1973;0;13.05
1974;0;12.05
1975;0;28.05
1976;0;04.05
1977;0;24.05
1978;0;27.05
1979;0;25.05
1980;0;28.05
1981;0;06.05
1983;0;28.05
1984;1;12.05
1985;0;06.05
1986;0;07.05
1987;0;25.05
1988;1;09.05
1991;0;14.05
1992;0;29.05
1993;0;11.05
1994;1;25.05
1995;0;13.05
1996;1;13.05
1997;0;29.05
1998;0;22.05
1999;0;12.05
2000;0;01.05
2002;0;02.05
2004;0;27.05
2007;0;29.05
2008;0;16.05
2009;1;08.05
2010;0;14.05
2011;1;09.05
2012;0;22.05
2013;0;09.05
2014;0;09.05
2015;0;14.05
2016;0;01.05
2017;0;17.05
2018;0;08.05
2019;0;12.05
2020;0;21.05
2021;0;11.05
2022;0;04.05
2023;0;03.05
2024;1;03.05
2026;0;30.05
2027;0;09.05
2028;0;09.05
2029;0;02.05
2031;1;07.05
2032;0;02.05
2033;0;23.05
2034;0;16.05
2036;1;02.05
2037;1;21.05
2039;1;04.05
2040;1;24.05
2041;1;11.05
2042;0;31.05
2043;0;16.05
2044;0;20.05
2045;0;31.05
2046;0;19.05
2047;0;07.05
2048;0;29.05
2049;0;06.05
2050;0;16.05
2051;1;05.05
2052;0;04.05
2053;0;29.05
2054;0;30.05
2055;0;30.05
2056;0;07.05
2057;0;28.05
2058;0;19.05
2059;0;22.05
2060;0;12.05
2061;0;08.05
2062;0;26.05
2063;0;02.05
2064;0;25.05
2065;0;07.05
2066;0;12.05
2067;1;04.05
2068;0;06.05
2069;0;21.05
2070;0;22.05
2071;0;07.05
2072;0;05.05
2073;0;03.05
2074;0;18.05
2075;0;16.05
2076;0;20.05
2077;1;26.05
2078;0;17.05
2079;0;07.05
2080;0;11.05
2081;0;25.05
2082;0;09.05
2083;0;01.05
2085;0;14.05
2087;0;21.05
2088;0;01.05
2089;1;24.05
2090;0;22.05
2091;0;11.05
2093;0;05.05
2094;0;13.05
2095;0;12.05
2096;1;18.05
2097;0;16.05
2098;0;04.05
2099;0;13.05
2100;0;28.05
2101;0;05.05
2103;0;27.05
2105;0;20.05
2106;0;22.05
2108;0;14.05
2109;0;10.05
2110;0;09.05
2111;1;12.05
2112;0;12.05
2113;0;14.05
2114;1;13.05
2115;0;10.05
2116;0;07.05
2120;0;10.05
2121;1;22.05
2122;0;09.05
2123;1;10.05
2124;0;17.05
2126;0;17.05
2127;0;26.05
2128;0;08.05
2129;0;24.05
2130;1;30.05
2131;0;11.05
2132;1;17.05
2133;0;12.05
2134;0;22.05
2136;1;21.05
2137;0;12.05
2138;0;10.05
2139;0;11.05
2140;0;18.05
2141;0;30.05
2142;1;27.05
2143;0;09.05
2144;0;17.05
2145;1;09.05
2146;0;07.05
2147;0;20.05
2149;1;05.05
2150;0;12.05
2151;0;26.05
2152;0;28.05
2154;1;13.05
2155;0;01.05
2156;0;26.05
2157;0;28.05
2158;0;09.05
2159;1;14.05
2160;0;22.05
2161;0;10.05
2162;0;06.05
2163;0;13.05
2164;0;04.05
2165;0;04.05
2166;0;12.05
2168;0;13.05
2169;0;27.05
2170;0;12.05
2171;0;12.05
2172;0;08.05
2174;1;14.05
2175;0;17.05
2176;0;12.05
2177;0;20.05
2178;0;08.05
2179;0;13.05
2180;0;11.05
2183;0;10.05
2184;0;30.05
2185;1;24.05
2186;1;12.05
2187;1;18.05
2188;0;11.05
2189;0;31.05
2190;1;04.05
2191;0;30.05
2193;0;07.05
2194;0;09.05
2195;0;28.05
2196;0;14.05
2197;0;24.05
2198;1;27.05
2199;0;16.05
2200;0;15.05
2201;0;07.05
2202;0;19.05
2203;0;20.05
2204;1;13.05
2205;0;03.05
2206;0;24.05
2208;0;28.05
2210;0;08.05
2211;0;10.05
2212;0;04.05
2213;0;23.05
2214;0;04.05
2215;0;18.05
2216;1;12.05
2217;0;03.05
2218;0;08.05
2220;0;12.05
2221;1;03.05
2222;1;24.05
2223;0;26.05
2225;0;11.05
2226;0;09.05
2227;0;16.05
2228;0;10.05
2229;0;16.05
2230;0;04.05
2231;0;20.05
2232;0;23.05
2233;0;10.05
2234;1;24.05
2235;0;12.05
2236;0;22.05
2237;1;03.05
2238;0;16.05
2239;0;13.05
2241;1;11.05
2242;0;15.05
2243;0;14.05
2244;0;29.05
2245;0;16.05
2247;0;11.05
2248;0;21.05
2249;0;07.05
2250;0;27.05
2251;0;12.05
2252;1;01.05
2253;0;25.05
2254;0;06.05
2255;1;21.05
2256;0;09.05
2257;1;29.05
2258;0;26.05
2260;0;11.05
2262;1;08.05
2263;0;22.05
2264;0;12.05
2265;0;22.05
2267;0;17.05
2268;0;17.05
2269;0;04.05
2272;1;12.05
2273;0;13.05
2274;0;10.05
2275;0;05.05
2276;0;08.05
2277;0;02.05
2278;1;06.05
2279;0;30.05
2281;0;14.05
2282;0;19.05
2283;1;08.05
2285;0;18.05
2286;0;17.05
2287;0;14.05
2289;0;02.05
2290;0;07.05
2291;0;12.05
2292;0;08.05
2293;0;17.05
2294;0;16.05
2295;0;09.05
2296;1;13.05
2297;0;16.05
2298;0;24.05
2299;0;28.05
2300;0;30.05
2301;0;10.05
2302;0;09.05
2303;0;07.05
2304;0;25.05
2305;0;22.05
2306;0;24.05
2307;1;08.05
2308;0;03.05
2310;0;07.05
2311;1;02.05
2312;0;02.05
2313;0;11.05
2314;0;03.05
2315;1;17.05
2316;0;28.05
2317;0;31.05
2318;0;08.05
2319;0;04.05
2320;0;11.05
2321;0;11.05
2322;0;08.05
2323;0;11.05
2324;0;22.05
2325;0;06.05
2326;0;22.05
2327;0;28.05
2328;0;11.05
2329;1;08.05
2330;0;25.05
2331;0;10.05
2332;0;05.05
2333;0;14.05
2334;0;13.05
2336;0;20.05
2337;0;27.05
2338;0;17.05
2340;0;23.05
2341;0;01.05
2342;0;12.05
2343;0;07.05
2344;0;26.05
2345;0;20.05
2346;0;08.05
2347;0;20.05
2348;0;16.05
2349;0;10.05
2350;1;10.05
2351;0;02.05
2352;1;12.05
2353;0;09.05
2354;0;14.05
2355;0;26.05
2356;0;16.05
2357;0;16.05
2358;0;17.05
2359;0;27.05
2360;0;08.05
2361;1;19.05
2362;0;18.05
2363;0;08.05
2365;0;14.05
2366;1;21.05
2368;1;04.05
2369;0;06.05
2370;1;01.05
2371;0;13.05
2372;1;24.05
2373;0;06.05
2374;0;19.05
2375;1;02.05
2376;0;16.05
2377;1;28.05
2378;0;26.05
2379;0;29.05
2380;1;09.05
2381;1;12.05
2382;1;31.05
2384;0;17.05
2385;0;11.05
2386;0;24.05
2387;0;05.05
2388;0;10.05
2389;0;14.05
2390;0;29.05
2391;0;03.05
2392;0;15.05
2393;0;12.05
2395;0;09.05
2396;0;17.05
2397;0;05.05
2398;0;16.05
2399;0;04.05
2400;1;13.05
2401;0;07.05
2402;0;14.05
2403;0;27.05
2404;0;30.05
2405;0;13.05
2406;0;17.05
2407;0;27.05
2408;0;09.05
2409;0;12.05
2410;0;04.05
2411;0;14.05
2412;0;22.05
2413;1;12.05
2414;0;06.05
2417;0;09.05
2418;0;02.05
2419;0;06.05
2421;0;25.05
2422;0;18.05
2423;0;04.05
2425;0;08.05
2426;0;04.05
2427;0;02.05
2428;0;29.05
2429;0;09.05
2430;0;12.05
2431;0;17.05
2432;0;16.05
2433;1;04.05
2434;0;12.05
2435;0;08.05
2436;0;28.05
2437;1;02.05
2438;0;23.05
2439;1;30.05
2440;1;11.05
2441;0;18.05
2442;0;01.05
2443;0;03.05
2444;1;27.05
2445;0;18.05
2446;0;29.05
2447;0;10.05
2448;0;10.05
2449;0;23.05
2450;0;01.05
2451;0;28.05
2452;0;11.05
2453;0;05.05
2454;0;09.05
2456;0;03.05
2458;0;09.05
2459;0;02.05
2461;0;04.05
2462;0;09.05
2463;0;25.05
2464;0;01.05
2465;0;28.05
2466;0;09.05
2467;1;19.05
2468;0;07.05
2469;0;05.05
2470;0;05.05
2471;0;14.05
2472;0;29.05
2473;0;19.05
2474;0;16.05
2475;0;21.05
2476;0;24.05
2478;0;21.05
2479;0;25.05
2480;0;24.05
2481;0;12.05
2482;0;11.05
2483;0;24.05
2484;0;12.05
2486;0;16.05
2487;0;25.05
2488;0;01.05
2489;1;05.05
2490;1;21.05
2491;0;08.05
2492;1;11.05
2493;0;30.05
2494;0;29.05
2495;0;02.05
2497;0;21.05
2498;0;07.05
2499;0;18.05
2501;1;25.05
2502;0;06.05
2503;1;30.05
2504;1;09.05
2505;0;25.05
2506;0;02.05
2507;0;31.05
2508;0;30.05
2509;1;12.05
2511;0;07.05
2512;0;17.05
2513;1;09.05
2514;0;03.05
2515;0;27.05
2516;1;28.05
2517;1;30.05
2518;0;14.05
2520;0;28.05
2521;0;04.05
2523;0;06.05
2524;0;14.05
2525;0;08.05
2526;0;23.05
2527;0;18.05
2528;1;16.05
2529;1;14.05
2531;1;27.05
2532;0;23.05
2535;0;07.05
2536;0;05.05
2537;0;08.05
2538;0;17.05
2539;1;03.05
2540;0;03.05
2541;0;03.05
2542;0;26.05
2543;1;24.05
2544;0;22.05
2545;0;21.05
2546;1;29.05
2547;1;19.05
2548;0;06.05
2549;0;13.05
2550;0;14.05
2552;0;06.05
2553;1;13.05
2554;0;26.05
2555;0;28.05
2556;0;21.05
2560;0;21.05
2562;0;19.05
2563;0;23.05
2564;1;05.05
2565;0;16.05
2566;0;28.05
2567;0;25.05
2569;0;14.05
2570;0;23.05
2571;0;13.05
2572;0;01.05
2574;0;07.05
2575;1;10.05
2576;0;26.05
2578;0;12.05
2579;0;14.05
2580;1;18.05
2581;1;02.05
2583;0;02.05
2584;0;24.05
2585;0;25.05
2586;0;07.05
2587;0;30.05
2588;1;01.05
2589;0;23.05
2590;0;12.05
2591;1;02.05
2592;0;08.05
2593;0;07.05
2594;1;06.05
2595;0;05.05
2596;0;12.05
2597;1;21.05
2598;0;23.05
2599;0;07.05
2600;1;15.05
2601;0;26.05
2603;0;20.05
2604;0;21.05
2605;0;05.05
2606;0;28.05
2607;0;12.05
2608;0;22.05
2609;0;24.05
2610;0;22.05
2611;0;18.05
2612;1;06.05
2613;0;23.05
2614;1;28.05
2616;0;05.05
2617;1;21.05
2618;0;29.05
2619;0;04.05
2620;0;06.05
2621;0;17.05
2622;0;03.05
2623;0;22.05
2624;0;08.05
2625;0;03.05
2626;0;08.05
2627;0;06.05
2628;0;18.05
2629;0;05.05
2630;0;26.05
2631;0;30.05
2632;0;16.05
2633;0;30.05
2634;0;03.05
2635;0;13.05
2636;0;10.05
2637;0;22.05
2638;0;22.05
2639;0;06.05
2640;0;02.05
2641;0;17.05
2642;1;29.05
2643;0;28.05
2644;0;14.05
2645;0;24.05
2647;0;26.05
2649;0;17.05
2650;0;05.05
2651;0;21.05
2652;0;05.05
2653;0;10.05
2654;0;17.05
2655;0;09.05
2656;0;08.05
2657;1;14.05
2658;0;01.05
2659;0;29.05
2660;0;31.05
2661;1;31.05
2662;0;03.05
2663;1;03.05
2664;0;09.05
2665;0;02.05
2666;0;07.05
2668;0;11.05
2669;0;26.05
2670;0;07.05
2672;0;04.05
2673;0;14.05
2674;0;03.05
2675;0;22.05
2677;0;12.05
2678;1;26.05
2679;0;13.05
2680;0;11.05
2682;0;11.05
2683;0;30.05
2684;0;29.05
2685;1;09.05
2686;0;22.05
2687;0;07.05
2688;1;22.05
2690;0;26.05
2691;0;17.05
2692;1;08.05
2693;0;31.05
2694;0;09.05
2695;0;22.05
2696;0;06.05
2697;0;17.05
2699;0;16.05
2700;0;18.05
2702;0;06.05
2704;0;06.05
2705;0;02.05
2706;1;24.05
2709;0;24.05
2710;0;08.05
2711;0;10.05
2712;1;27.05
2713;1;24.05
2714;0;01.05
2715;0;26.05
2716;0;31.05
2717;0;02.05
2718;0;24.05
2719;0;09.05
2720;0;02.05
2721;1;07.05
2722;0;02.05
2723;0;21.05
2724;0;03.05
2726;0;19.05
2727;0;04.05
2728;1;17.05
2729;0;14.05
2730;0;05.05
2731;0;13.05
2732;0;25.05
2733;0;02.05
2735;0;04.05
2736;0;17.05
2737;0;23.05
2738;0;29.05
2739;0;11.05
2740;1;14.05
2741;0;01.05
2742;0;19.05
2743;0;17.05
2744;0;13.05
2745;0;29.05
2746;0;30.05
2747;0;20.05
2748;0;30.05
2749;0;24.05
2750;0;08.05
2751;0;19.05
2752;1;09.05
2753;1;01.05
2754;0;28.05
2756;1;26.05
2757;0;12.05
2758;0;01.05
2759;0;29.05
2760;0;16.05
2761;1;28.05
2763;0;28.05
2765;0;22.05
2766;0;31.05
2767;0;09.05
2768;0;22.05
2769;0;16.05
2770;0;12.05
2771;0;05.05
2772;1;02.05
2773;0;17.05
2775;1;16.05
2776;0;21.05
2777;0;28.05
2778;0;17.05
2779;0;12.05
2780;0;24.05
2781;0;16.05
2782;0;27.05
2783;0;05.05
2784;0;10.05
2785;0;12.05
2787;0;25.05
2788;0;26.05
2789;0;14.05
2791;0;05.05
2792;0;10.05
2793;0;21.05
2794;0;10.05
2795;0;05.05
2796;0;10.05
2797;0;01.05
2798;0;22.05
2799;0;03.05
2800;0;27.05
2801;0;04.05
2802;0;07.05
2803;0;04.05
2804;0;08.05
2805;0;18.05
2806;0;13.05
2807;0;31.05
2808;0;12.05
2809;0;02.05
2810;1;13.05
2811;0;08.05
2812;0;01.05
2813;1;19.05
2814;0;12.05
2815;0;25.05
2816;0;03.05
2817;1;12.05
2819;0;09.05
2820;1;25.05
2821;0;02.05
2822;0;16.05
2823;1;04.05
2824;1;04.05
2825;0;08.05
2826;0;30.05
2827;0;03.05
2829;0;18.05
2830;0;05.05
2831;0;16.05
2832;0;04.05
2833;0;16.05
2834;1;06.05
2836;0;13.05
2837;0;29.05
2838;0;15.05
2839;0;14.05
2840;0;25.05
2841;0;09.05
2842;0;30.05
2843;0;24.05
2844;0;26.05
2845;0;08.05
2846;0;25.05
2847;0;10.05
2848;0;19.05
2849;1;12.05
2850;1;03.05
2851;0;07.05
2852;1;02.05
2853;0;07.05
2854;0;20.05
2856;0;11.05
2857;0;14.05
2858;0;26.05
2859;0;17.05
2861;0;11.05
2862;0;13.05
2864;0;07.05
2865;0;28.05
2866;0;24.05
2867;0;17.05
2868;0;04.05
2869;0;16.05
2870;0;14.05
2872;0;12.05
2873;0;03.05
2874;0;28.05
2875;0;28.05
2876;0;02.05
2877;0;16.05
2879;0;18.05
2880;1;13.05
2881;0;21.05
2882;0;23.05
2883;0;07.05
2884;1;21.05
2885;0;12.05
2886;0;24.05
2887;0;12.05
2888;0;10.05
2889;0;30.05
2890;0;08.05
2891;0;21.05
2892;0;21.05
2893;1;31.05
2894;0;24.05
2895;0;08.05
2896;0;08.05
2898;1;03.05
2899;0;01.05
2900;1;22.05
2901;0;22.05
2902;0;29.05
2903;0;09.05
2904;0;05.05
2905;0;26.05
2906;0;11.05
2907;0;14.05
2910;1;04.05
2911;0;13.05
2913;0;26.05
2914;0;30.05
2915;1;11.05
2916;0;02.05
2917;0;17.05
2918;0;13.05
2919;0;03.05
2920;0;10.05
2921;0;31.05
2922;0;28.05
2923;1;29.05
2924;0;12.05
2927;0;07.05
2928;0;14.05
2929;0;16.05
2930;0;12.05
2931;1;10.05
2932;0;23.05
2933;0;29.05
2934;0;10.05
2935;0;17.05
2936;0;26.05
2938;1;12.05
2939;0;30.05
2940;0;30.05
2941;1;26.05
2942;0;09.05
2943;0;28.05
2944;0;06.05
2945;0;31.05
2947;1;17.05
2948;0;25.05
2949;0;27.05
2950;1;17.05
2951;0;31.05
2952;0;24.05
2953;0;12.05
2954;0;17.05
2955;0;26.05
2956;0;04.05
2958;0;21.05
2959;0;17.05
2960;0;29.05
2961;0;14.05
2962;0;07.05
2963;1;17.05
2964;0;17.05
2965;0;24.05
2966;1;16.05
2967;0;27.05
2968;0;05.05
2969;0;20.05
2970;0;09.05
2971;0;13.05
2973;0;21.05
2974;0;06.05
2975;0;11.05
2976;0;01.05
2977;0;03.05
2978;0;06.05
2979;0;09.05
2980;0;11.05
2981;0;22.05
2982;0;11.05
2983;0;02.05
2984;0;29.05
2985;0;01.05
2986;0;04.05
2987;0;05.05
2988;0;01.05
2989;0;22.05
2990;0;28.05
2991;0;03.05
2992;0;08.05
2993;0;06.05
2994;0;25.05
2995;0;21.05
2997;0;09.05
2998;0;30.05
2999;1;25.05
3000;0;04.05
3002;0;29.05
3003;0;10.05
3004;0;29.05
3005;0;04.05
3007;0;14.05
3008;0;11.05
3009;0;27.05
3010;0;16.05
3011;0;07.05
3012;0;10.05
3013;1;09.05
3014;0;01.05
3015;0;03.05
3016;0;28.05
3019;0;09.05
3020;0;31.05
3021;0;25.05
3022;0;08.05
3023;0;25.05
3024;0;26.05
3025;0;05.05
3026;0;04.05
3027;0;12.05
3028;0;17.05
3029;0;28.05
3031;0;13.05
3032;1;12.05
3033;0;07.05
3034;0;24.05
3035;0;11.05
3036;0;30.05
3037;0;12.05
3038;0;08.05
3039;0;13.05
3040;0;30.05
3041;0;02.05
3042;0;06.05
3043;0;27.05
3045;1;13.05
3046;1;26.05
3047;0;24.05
3048;0;21.05
3049;0;28.05
3050;0;07.05
3051;0;29.05
3052;1;30.05
3053;0;17.05
3054;0;06.05
3055;0;03.05
3057;1;09.05
3058;0;03.05
3059;0;24.05
3060;0;12.05
3062;1;02.05
3063;0;27.05
3064;0;10.05
3065;0;11.05
3066;0;05.05
3067;0;14.05
3068;0;27.05
3069;0;22.05
3071;0;05.05
3072;0;04.05
3073;0;04.05
3074;0;16.05
3075;0;10.05
3076;0;18.05
3078;0;05.05
3079;0;10.05
3080;1;29.05
3081;1;20.05
3082;1;30.05
3083;0;11.05
3084;0;13.05
3085;0;31.05
3086;0;27.05
3088;0;08.05
3089;0;08.05
3090;1;10.05
3091;0;14.05
3092;0;21.05
3094;0;09.05
3095;0;27.05
3096;0;20.05
3097;0;09.05
3098;0;08.05
3099;0;05.05
3100;1;04.05
3101;0;17.05
3102;0;05.05
3103;1;02.05
3104;0;13.05
3105;0;16.05
3106;0;19.05
3107;0;22.05
3108;0;11.05
3109;0;05.05
3110;0;13.05
3111;0;08.05
3112;0;07.05
3113;0;14.05
3114;0;20.05
3115;0;23.05
3117;1;11.05
3118;0;31.05
3119;0;03.05
3120;0;04.05
3121;0;18.05
3122;0;03.05
3123;1;22.05
3124;0;06.05
3125;0;22.05
3126;0;01.05
3127;0;21.05
3128;0;17.05
3129;0;09.05
3131;0;14.05
3132;0;09.05
3133;0;17.05
3134;0;22.05
3135;0;11.05
3136;1;20.05
3137;0;15.05
3138;0;03.05
3139;0;09.05
3140;0;15.05
3141;1;03.05
3142;0;11.05
3144;0;24.05
3145;0;03.05
3146;0;12.05
3147;1;24.05
3148;0;13.05
3149;0;21.05
3150;1;11.05
3151;0;13.05
3152;0;04.05
3153;0;03.05
3154;0;08.05
3155;0;01.05
3156;0;21.05
3157;1;21.05
3158;0;05.05
3159;0;17.05
3160;1;12.05
3162;0;07.05
3163;0;16.05
3164;0;30.05
3165;0;08.05
3166;0;27.05
3167;0;21.05
3168;0;30.05
3169;0;14.05
3171;0;13.05
3172;0;19.05
3173;0;21.05
3175;0;06.05
3176;1;09.05
3177;0;09.05
3178;0;12.05
3179;1;17.05
3180;1;04.05
3181;0;12.05
3182;0;09.05
3183;0;16.05
3184;0;31.05
3185;0;02.05
3186;0;28.05
3188;0;28.05
3189;0;25.05
3192;0;21.05
3193;0;18.05
3194;0;16.05
3195;0;06.05
3197;0;07.05
3199;0;06.05
3200;0;16.05
3201;0;22.05
3202;0;10.05
3203;0;19.05
3204;1;27.05
3205;0;13.05
3206;0;01.05
3207;0;27.05
3208;0;12.05
3209;0;22.05
3211;0;07.05
3212;0;03.05
3213;0;05.05
3214;0;12.05
3215;0;24.05
3216;0;05.05
3217;1;13.05
3219;0;29.05
3220;0;20.05
3221;0;26.05
3222;0;05.05
3224;0;25.05
3225;1;19.05
3226;0;19.05
3227;0;29.05
3228;0;14.05
3230;0;27.05
3231;0;05.05
3232;1;22.05
3234;0;12.05
3235;0;23.05
3236;0;28.05
3237;0;10.05
3238;0;09.05
3239;0;06.05
3241;1;08.05
3242;0;22.05
3243;0;22.05
3244;0;11.05
3245;0;26.05
3246;0;17.05
3247;0;22.05
3248;0;07.05
3249;0;09.05
3250;0;22.05
3251;0;14.05
3252;0;04.05
3254;0;20.05
3255;0;24.05
3256;0;10.05
3257;0;29.05
3258;0;08.05
3259;0;14.05
3261;0;05.05
3262;1;04.05
3263;0;19.05
3264;0;21.05
3265;1;08.05
3266;0;06.05
3267;0;11.05
3268;0;23.05
3269;0;27.05
3270;0;08.05
3271;1;16.05
3272;1;06.05
3273;1;10.05
3274;1;26.05
3275;0;11.05
3276;0;06.05
3277;1;27.05
3278;0;13.05
3279;1;12.05
3280;0;14.05
3281;0;24.05
3282;0;04.05
3283;0;10.05
3284;0;13.05
3285;0;28.05
3287;0;09.05
3289;0;08.05
3290;0;27.05
3291;0;16.05
3292;0;06.05
3293;0;04.05
3294;0;11.05
3295;0;16.05
3296;0;04.05
3297;0;01.05
3298;0;31.05
3299;0;30.05
3300;0;03.05
3301;0;04.05
3303;0;29.05
3304;0;14.05
3305;0;13.05
3306;0;02.05
3307;0;30.05
3308;0;10.05
3309;0;04.05
3310;0;13.05
3311;0;27.05
3312;1;12.05
3313;0;09.05
3314;0;19.05
3315;0;14.05
3316;0;14.05
3317;0;27.05
3318;0;23.05
3320;0;24.05
3321;0;12.05
3323;0;09.05
3324;1;08.05
3325;0;08.05
3326;0;05.05
3327;1;01.05
3329;0;14.05
3330;0;18.05
3331;0;10.05
3332;1;27.05
3333;0;12.05
3334;0;28.05
3335;0;14.05
3337;0;30.05
3339;1;13.05
3340;0;24.05
3341;0;08.05
3342;0;07.05
3343;0;08.05
3344;0;20.05
3346;0;01.05
3347;0;04.05
3348;0;02.05
3349;1;30.05
3350;0;04.05
3351;0;27.05
3352;1;29.05
3353;0;30.05
3354;1;03.05
3355;0;24.05
3356;1;12.05
3357;1;27.05
3358;0;14.05
3360;0;17.05
3361;1;28.05
3363;0;26.05
3364;0;20.05
3365;1;27.05
3366;0;29.05
3367;0;01.05
3368;0;08.05
3369;0;12.05
3370;0;11.05
3371;0;22.05
3372;1;09.05
3373;0;12.05
3375;0;07.05
3376;0;12.05
3377;0;09.05
3378;1;17.05
3379;0;01.05
3380;0;06.05
3381;1;25.05
3383;0;05.05
3384;0;03.05
3385;0;07.05
3387;1;15.05
3388;0;03.05
3389;0;13.05
3390;0;03.05
3391;0;26.05
3392;0;13.05
3393;1;01.05
3394;0;09.05
3395;0;03.05
3396;1;03.05
3397;0;03.05
3398;1;03.05
3399;1;22.05
3400;0;08.05
3401;0;27.05
3402;0;26.05
3404;0;10.05
3405;0;10.05
3406;0;24.05
3407;1;17.05
3408;0;03.05
3409;0;08.05
3410;0;19.05
3412;0;08.05
3413;0;21.05
3414;0;13.05
3415;0;07.05
3416;0;04.05
3417;1;26.05
3418;0;16.05
3419;0;02.05
3420;0;29.05
3421;0;11.05
3423;0;13.05
3424;0;03.05
3426;0;31.05
3427;0;28.05
3429;1;14.05
3430;0;27.05
3431;0;07.05
3432;0;12.05
3433;0;13.05
3434;0;08.05
3435;0;18.05
3436;0;05.05
3437;0;17.05
3438;1;13.05
3439;0;14.05
3440;0;29.05
3441;0;10.05
3442;0;26.05
3443;0;01.05
3444;0;05.05
3446;0;02.05
3447;0;14.05
3448;0;28.05
3449;0;08.05
3450;0;09.05
3451;0;01.05
3453;0;03.05
3454;0;23.05
3455;0;12.05
3456;0;16.05
3457;0;04.05
3458;0;21.05
3459;0;08.05
3460;0;29.05
3461;0;21.05
3462;1;25.05
3463;0;21.05
3464;1;12.05
3465;0;11.05
3466;0;16.05
3467;0;12.05
3468;0;28.05
3469;1;19.05
3470;0;11.05
3471;0;09.05
3472;0;10.05
3473;0;03.05
3474;1;29.05
3475;0;18.05
3476;0;28.05
3477;0;06.05
3478;0;22.05
3479;0;17.05
3480;0;25.05
3483;0;14.05
3484;0;12.05
3485;0;20.05
3487;0;07.05
3488;0;04.05
3489;0;12.05
3490;0;13.05
3491;0;21.05
3492;0;04.05
3493;0;18.05
3494;1;26.05
3495;0;30.05
3496;0;07.05
3497;0;24.05
3499;0;28.05
3500;0;25.05
3501;0;12.05
3502;0;30.05
3503;1;09.05
3504;0;16.05
3506;1;19.05
3508;0;05.05
3509;0;26.05
3510;0;04.05
3511;1;13.05
3513;0;23.05
3514;1;20.05
3517;0;03.05
3518;0;05.05
3519;0;10.05
3520;0;13.05
3521;0;29.05
3522;1;13.05
3523;1;09.05
3524;0;09.05
3525;0;19.05
3526;0;14.05
3527;0;11.05
3528;0;07.05
3529;0;18.05
3530;0;01.05
3532;1;08.05
3533;0;04.05
3534;0;06.05
3535;1;03.05
3536;0;11.05
3537;0;04.05
3538;0;20.05
3541;0;21.05
3543;0;18.05
3544;0;27.05
3545;0;03.05
3546;0;04.05
3547;0;16.05
3548;0;16.05
3549;0;08.05
3550;0;17.05
3551;0;01.05
3552;0;07.05
3553;0;11.05
3554;0;16.05
3555;0;13.05
3556;1;02.05
3558;1;01.05
3559;0;25.05
3560;0;31.05
3561;0;14.05
3562;0;08.05
3563;0;24.05
3564;0;01.05
3565;0;04.05
3566;0;22.05
3567;0;25.05
3568;0;27.05
3569;1;15.05
3570;0;06.05
3571;0;12.05
3572;1;13.05
3574;0;09.05
3575;0;23.05
3577;0;10.05
3578;1;11.05
3579;0;07.05
3580;1;24.05
3581;0;19.05
3582;1;01.05
3583;0;06.05
3584;0;21.05
3586;0;31.05
3587;1;11.05
3588;1;28.05
3589;0;05.05
3590;0;03.05
3591;0;31.05
3592;0;11.05
3593;0;13.05
3594;0;03.05
3595;0;27.05
3596;0;15.05
3597;1;10.05
3599;0;24.05
3600;0;02.05
3601;0;12.05
3602;0;13.05
3603;0;13.05
3604;0;13.05
3605;0;14.05
3606;0;21.05
3607;0;19.05
3608;0;12.05
3609;0;25.05
3610;0;13.05
3611;0;13.05
3612;0;21.05
3613;0;16.05
3614;0;27.05
3615;0;11.05
3616;1;26.05
3618;0;01.05
3619;0;18.05
3621;0;23.05
3622;1;27.05
3623;0;29.05
3624;0;05.05
3626;0;02.05
3627;0;04.05
3628;0;03.05
3629;0;12.05
3630;0;14.05
3631;0;17.05
3632;0;07.05
3633;0;10.05
3634;0;12.05
3635;0;28.05
3636;1;30.05
3638;0;03.05
3639;0;31.05
3640;1;17.05
3641;0;19.05
3642;0;31.05
3643;0;28.05
3644;0;11.05
3645;0;04.05
3646;0;03.05
3647;0;22.05
3648;1;02.05
3649;1;21.05
3650;0;08.05
3651;0;13.05
3652;0;13.05
3653;0;21.05
3654;0;23.05
3655;1;07.05
3656;1;26.05
3657;0;22.05
3658;0;27.05
3659;0;22.05
3660;0;03.05
3661;1;18.05
3662;0;31.05
3663;0;28.05
3664;0;24.05
3665;0;28.05
3666;0;08.05
3667;1;22.05
3668;0;08.05
3670;0;05.05
3671;1;12.05
3672;0;16.05
3673;0;30.05
3674;1;12.05
3675;1;29.05
3676;0;21.05
3677;0;16.05
3679;0;07.05
3680;0;05.05
3681;0;07.05
3682;1;12.05
3683;0;21.05
3684;0;27.05
3686;0;06.05
3687;1;29.05
3689;0;11.05
3691;0;06.05
3693;0;22.05
3694;1;23.05
3695;0;17.05
3696;0;28.05
3697;0;16.05
3698;0;18.05
3699;0;28.05
3700;0;05.05
3701;0;19.05
3702;0;27.05
3703;0;08.05
3704;0;13.05
3706;0;01.05
3707;0;08.05
3708;0;30.05
3710;0;24.05
3711;0;14.05
3712;0;24.05
3713;0;30.05
3714;0;07.05
3715;0;29.05
3716;0;31.05
3717;1;24.05
3718;0;29.05
3719;0;03.05
3720;0;03.05
3722;0;14.05
3723;0;01.05
3724;1;17.05
3725;0;23.05
3726;0;07.05
3727;0;03.05
3728;1;31.05
3729;0;02.05
3730;0;22.05
3731;1;05.05
3732;0;13.05
3733;0;11.05
3734;0;23.05
3735;0;05.05
3736;0;27.05
3739;0;30.05
3740;0;16.05
3741;1;02.05
3742;0;24.05
3743;0;22.05
3744;0;28.05
3745;0;17.05
3746;0;22.05
3747;0;07.05
3748;0;10.05
3749;1;02.05
3750;0;16.05
3751;0;09.05
3752;0;22.05
3753;0;18.05
3754;0;06.05
3755;0;30.05
3756;0;13.05
3757;0;12.05
3758;0;26.05
3759;0;05.05
3760;1;20.05
3761;0;30.05
3762;0;21.05
3763;0;16.05
3764;0;21.05
3765;0;18.05
3766;0;18.05
3767;0;21.05
3768;0;16.05
3769;0;27.05
3770;0;04.05
3771;0;08.05
3772;0;06.05
3773;1;24.05
3774;0;18.05
3775;1;03.05
3776;0;06.05
3777;0;13.05
3778;0;14.05
3779;0;12.05
3781;0;05.05
3782;0;23.05
3783;1;30.05
3784;0;30.05
3785;0;12.05
3786;0;14.05
3787;0;14.05
3789;0;30.05
3790;0;13.05
3791;1;04.05
3792;1;09.05
3793;0;19.05
3795;0;19.05
3796;1;18.05
3797;1;10.05
3798;0;19.05
3799;0;11.05
3800;0;02.05
3801;0;30.05
3802;1;23.05
3804;0;28.05
3805;0;01.05
3806;0;08.05
3807;1;16.05
3808;1;05.05
3809;0;13.05
3811;1;11.05
3812;0;12.05
3813;0;13.05
3814;0;14.05
3815;1;27.05
3816;0;11.05
3817;1;22.05
3818;1;07.05
3819;0;27.05
3821;0;13.05
3822;0;22.05
3823;1;17.05
3824;0;05.05
3825;0;13.05
3826;1;18.05
3827;0;29.05
3828;1;27.05
3829;1;27.05
3830;0;20.05
3831;0;08.05
3832;0;26.05
3833;0;24.05
3834;0;18.05
3835;0;23.05
3836;0;31.05
3837;1;06.05
3838;0;23.05
3839;0;13.05
3841;0;25.05
3842;1;28.05
3843;0;19.05
3844;0;12.05
3846;0;27.05
3847;0;28.05
3848;0;29.05
3849;0;22.05
3850;1;05.05
3851;0;06.05
3852;0;06.05
3853;1;03.05
3854;0;05.05
3855;0;04.05
3856;0;07.05
3857;0;27.05
3858;0;09.05
3859;0;02.05
3860;0;30.05
3861;0;22.05
3862;0;06.05
3863;1;22.05
3864;0;12.05
3865;0;11.05
3866;0;21.05
3868;0;03.05
3869;1;06.05
3870;0;12.05
3871;0;02.05
3873;0;27.05
3874;0;07.05
3875;0;22.05
3876;0;12.05
3878;0;04.05
3879;0;08.05
3880;0;01.05
3881;0;05.05
3882;0;29.05
3883;0;14.05
3884;0;29.05
3885;0;14.05
3886;1;18.05
3887;0;10.05
3888;0;08.05
3889;1;22.05
3890;0;28.05
3891;0;14.05
3892;0;04.05
3893;0;03.05
3894;0;01.05
3895;0;04.05
3896;0;02.05
3897;0;08.05
3898;0;01.05
3899;0;06.05
3900;0;08.05
3903;0;13.05
3904;1;20.05
3905;0;05.05
3906;0;11.05
3907;0;07.05
3909;0;12.05
3910;0;02.05
3911;0;10.05
3912;0;16.05
3913;0;18.05
3915;0;01.05
3916;0;01.05
3917;0;20.05
3918;0;04.05
3919;0;10.05
3920;0;06.05
3921;0;12.05
3922;1;22.05
3923;1;27.05
3924;0;02.05
3925;0;06.05
3926;0;19.05
3928;0;13.05
3929;0;21.05
3930;0;13.05
3931;0;16.05
3932;0;08.05
3933;1;14.05
3934;0;26.05
3935;1;11.05
3936;0;31.05
3937;0;19.05
3939;0;13.05
3940;0;03.05
3941;0;08.05
3942;1;08.05
3943;0;06.05
3944;0;17.05
3945;0;24.05
3946;0;27.05
3947;1;14.05
3948;0;10.05
3949;0;06.05
3950;0;04.05
3952;0;27.05
3953;1;03.05
3954;0;12.05
3955;0;25.05
3956;1;24.05
3957;0;12.05
3958;0;09.05
3959;0;25.05
3960;0;23.05
3961;0;01.05
3962;0;13.05
3963;0;01.05
3964;0;06.05
3965;0;28.05
3966;0;13.05
3967;0;22.05
3968;0;02.05
3969;0;17.05
3970;0;08.05
3971;0;27.05
3972;1;25.05
3974;1;16.05
3976;0;02.05
3977;1;07.05
3978;0;28.05
3979;0;11.05
3980;1;04.05
3982;0;20.05
3983;1;19.05
3984;1;12.05
3985;0;22.05
3986;0;13.05
3988;1;30.05
3989;0;24.05
3990;0;19.05
3991;0;22.05
3992;0;17.05
3993;0;22.05
3994;0;08.05
3995;0;13.05
3996;0;08.05
3997;0;19.05
3998;0;07.05
3999;0;04.05
4000;1;21.05
4001;0;12.05
4002;0;28.05
4005;0;13.05
4006;0;11.05
4007;0;23.05
4008;0;03.05
4009;0;05.05
4010;0;28.05
4011;0;03.05
4012;0;22.05
4013;0;21.05
4014;0;01.05
4015;0;04.05
4016;0;11.05
4017;0;14.05
4018;0;01.05
4020;0;14.05
4021;0;14.05
4022;0;16.05
4023;1;09.05
4024;0;01.05
4025;0;21.05
4026;0;21.05
4027;0;05.05
4028;0;08.05
4029;0;17.05
4031;0;04.05
4032;0;18.05
4033;1;09.05
4034;0;29.05
4035;0;28.05
4038;0;21.05
4039;0;25.05
4040;0;16.05
4041;0;30.05
4042;0;20.05
4043;0;07.05
4045;0;12.05
4046;0;02.05
4048;1;26.05
4049;0;05.05
4050;0;15.05
4051;0;24.05
4052;0;21.05
4053;0;28.05
4054;0;03.05
4055;0;21.05
4056;1;11.05
4057;0;09.05
4058;1;06.05
4059;0;01.05
4060;0;02.05
4061;0;17.05
4062;0;06.05
4063;1;16.05
4064;0;24.05
4065;0;10.05
4066;0;17.05
4067;1;01.05
4068;0;09.05
4069;0;24.05
4070;1;08.05
4071;0;08.05
4072;0;07.05
4073;0;19.05
4074;0;05.05
4075;0;29.05
4076;0;31.05
4077;0;13.05
4078;0;02.05
4079;0;16.05
4081;0;25.05
4082;1;23.05
4083;0;18.05
4084;0;14.05
4085;0;10.05
4086;0;11.05
4087;0;30.05
4088;0;12.05
4089;0;14.05
4090;0;21.05
4091;0;04.05
4092;0;25.05
4093;0;30.05
4094;0;02.05
4095;0;10.05
4096;0;30.05
4097;1;25.05
4098;0;09.05
4100;0;22.05
4101;1;22.05
4102;0;23.05
4103;0;18.05
4104;0;11.05
4105;0;22.05
4106;0;28.05
4107;0;23.05
4108;0;10.05
4109;0;05.05
4110;1;12.05
4111;0;13.05
4112;0;31.05
4113;0;01.05
4114;0;17.05
4115;0;11.05
4116;0;08.05
4117;1;11.05
4118;0;23.05
4119;0;25.05
4120;0;12.05
4121;0;02.05
4122;0;11.05
4124;1;27.05
4125;0;19.05
4126;0;05.05
4127;0;11.05
4130;0;26.05
4131;1;11.05
4132;1;30.05
4133;1;21.05
4134;0;09.05
4135;0;06.05
4136;1;03.05
4137;0;31.05
4138;0;08.05
4139;0;22.05
4140;0;06.05
4141;1;03.05
4142;0;06.05
4143;0;10.05
4144;0;25.05
4145;1;23.05
4146;0;16.05
4147;0;05.05
4148;0;11.05
4149;0;14.05
4150;0;03.05
4151;0;07.05
4152;0;14.05
4153;0;09.05
4154;1;29.05
4156;0;05.05
4157;0;13.05
4158;0;31.05
4159;0;22.05
4160;0;20.05
4161;0;24.05
4162;0;28.05
4163;0;12.05
4164;0;14.05
4165;0;30.05
4166;0;01.05
4167;0;13.05
4168;0;04.05
4169;0;27.05
4170;0;11.05
4171;0;16.05
4172;0;29.05
4173;0;02.05
4174;0;04.05
4175;1;05.05
4176;0;26.05
4177;0;12.05
4178;0;07.05
4179;0;16.05
4180;0;24.05
4181;0;08.05
4182;1;17.05
4183;0;07.05
4184;0;13.05
4185;0;27.05
4186;1;17.05
4187;1;01.05
4188;0;16.05
4189;0;07.05
4190;0;07.05
4191;0;13.05
4192;1;12.05
4193;0;26.05
4194;0;17.05
4195;0;03.05
4196;0;26.05
4197;0;25.05
4198;0;30.05
4199;0;21.05
4200;1;17.05
4202;0;14.05
4203;0;12.05
4204;0;18.05
4205;1;01.05
4206;0;12.05
4208;1;25.05
4209;0;08.05
4210;1;22.05
4211;0;29.05
4212;1;02.05
4213;0;27.05
4215;0;12.05
4216;0;12.05
4217;1;24.05
4218;0;04.05
4219;0;19.05
4220;0;09.05
4221;0;05.05
4223;1;17.05
4224;0;01.05
4225;0;05.05
4226;0;01.05
4228;0;22.05
4229;0;22.05
4230;0;13.05
4231;0;30.05
4232;0;07.05
4233;0;05.05
4234;0;31.05
4235;0;05.05
4236;0;16.05
4237;0;24.05
4238;0;18.05
4239;0;01.05
4240;0;22.05
4241;0;04.05
4242;1;12.05
4243;0;25.05
4244;0;07.05
4245;0;11.05
4247;0;22.05
4248;1;29.05
4249;0;25.05
4250;0;21.05
4251;1;28.05
4252;0;28.05
4253;0;28.05
4255;0;27.05
4256;0;04.05
4257;0;22.05
4258;0;05.05
4259;0;25.05
4260;0;16.05
4261;0;11.05
4263;0;04.05
4264;0;02.05
4265;1;12.05
4266;0;12.05
4267;1;12.05
4268;0;17.05
4269;0;24.05
4270;0;19.05
4271;0;19.05
4272;0;08.05
4273;0;07.05
4274;1;03.05
4275;0;11.05
4276;0;24.05
4277;0;08.05
4278;0;29.05
4279;1;17.05
4280;0;06.05
4282;0;05.05
4283;0;19.05
4284;0;14.05
4286;0;30.05
4287;0;19.05
4288;0;16.05
4289;0;23.05
4290;0;26.05
4291;0;19.05
4292;1;30.05
4294;0;16.05
4295;0;16.05
4296;1;16.05
4298;1;08.05
4299;1;27.05
4301;0;11.05
4302;0;30.05
4303;0;14.05
4304;0;08.05
4306;0;27.05
4307;0;27.05
4308;1;19.05
4309;0;25.05
4310;0;09.05
4311;0;08.05
4312;0;30.05
4313;0;12.05
4314;0;27.05
4315;0;13.05
4316;0;29.05
4317;0;04.05
4318;1;13.05
4319;0;27.05
4320;0;30.05
4323;0;31.05
4325;0;24.05
4326;0;03.05
4327;0;08.05
4328;0;30.05
4329;0;18.05
4330;0;09.05
4331;1;21.05
4332;0;17.05
4333;0;03.05
4335;0;19.05
4336;0;25.05
4337;0;18.05
4338;0;25.05
4339;1;11.05
4340;0;19.05
4341;0;13.05
4342;1;04.05
4343;1;28.05
4344;0;19.05
4345;0;12.05
4346;1;18.05
4347;0;12.05
4349;0;22.05
4350;0;08.05
4351;0;16.05
4352;0;09.05
4354;0;21.05
4355;0;12.05
4356;0;14.05
4357;0;06.05
4358;0;09.05
4359;0;05.05
4360;0;11.05
4361;0;04.05
4362;0;12.05
4363;0;04.05
4364;0;21.05
4365;0;08.05
4366;0;17.05
4367;1;12.05
4368;0;05.05
4369;0;03.05
4370;0;02.05
4371;0;09.05
4372;0;14.05
4373;0;21.05
4374;0;16.05
4375;0;16.05
4376;1;18.05
4377;0;29.05
4378;0;03.05
4379;0;21.05
4380;0;06.05
4381;0;10.05
4382;0;04.05
4383;0;10.05
4384;0;14.05
4385;0;28.05
4386;0;17.05
4387;0;28.05
4388;0;04.05
4389;0;28.05
4390;0;29.05
4391;0;30.05
4392;1;11.05
4393;0;05.05
4394;0;01.05
4395;0;09.05
4396;0;20.05
4399;0;09.05
4400;0;19.05
4401;0;06.05
4402;0;27.05
4403;0;25.05
4404;0;12.05
4405;0;16.05
4406;0;01.05
4408;0;16.05
4409;0;10.05
4410;0;09.05
4412;1;05.05
4413;0;11.05
4414;0;08.05
4415;0;30.05
4416;0;12.05
4417;0;25.05
4418;0;12.05
4419;1;28.05
4420;0;12.05
4421;0;26.05
4422;0;10.05
4423;0;18.05
4424;0;23.05
4425;0;12.05
4426;0;12.05
4427;0;13.05
4428;0;12.05
4429;0;02.05
4430;0;04.05
4431;1;07.05
4432;0;01.05
4433;0;21.05
4434;1;04.05
4435;0;03.05
4436;0;07.05
4437;0;08.05
4438;0;20.05
4439;0;27.05
4440;0;11.05
4441;0;29.05
4442;0;26.05
4443;0;04.05
4444;0;04.05
4445;0;07.05
4446;0;02.05
4447;1;05.05
4448;0;10.05
4449;1;05.05
4450;0;04.05
4451;0;09.05
4452;0;27.05
4453;1;22.05
4454;0;08.05
4455;0;27.05
4456;0;25.05
4459;1;07.05
4460;1;11.05
4462;0;24.05
4463;0;17.05
4464;0;05.05
4465;0;16.05
4467;0;05.05
4468;0;30.05
4470;0;17.05
4471;0;08.05
4472;0;18.05
4473;0;14.05
4474;0;20.05
4476;0;08.05
4477;0;04.05
4478;0;06.05
4479;0;24.05
4480;0;26.05
4481;0;10.05
4482;0;21.05
4483;0;27.05
4484;0;29.05
4485;0;23.05
4486;0;12.05
4487;0;16.05
4488;0;26.05
4489;0;09.05
4490;0;08.05
4491;0;03.05
4493;1;31.05
4494;0;14.05
4496;0;19.05
4497;0;03.05
4498;0;06.05
4499;0;23.05
4500;1;27.05
4501;0;15.05
4502;1;30.05
4503;1;07.05
4504;0;11.05
4505;0;27.05
4506;0;06.05
4507;0;28.05
4508;0;23.05
4509;0;27.05
4510;0;09.05
4511;0;07.05
4512;0;25.05
4513;0;28.05
4514;0;02.05
4515;0;27.05
4516;0;01.05
4518;0;23.05
4519;1;31.05
4520;0;03.05
4521;0;06.05
4522;0;22.05
4524;0;01.05
4525;0;21.05
4526;0;24.05
4528;1;13.05
4529;0;09.05
4530;1;10.05
4531;0;20.05
4532;0;17.05
4533;0;04.05
4534;0;13.05
4535;0;09.05
4536;0;17.05
4537;0;16.05
4538;0;05.05
4539;0;08.05
4540;0;13.05
4541;0;20.05
4542;0;09.05
4543;0;17.05
4544;0;30.05
4545;0;13.05
4546;0;06.05
4547;0;06.05
4548;1;22.05
4549;0;12.05
4550;0;25.05
4551;0;23.05
4552;1;11.05
4553;0;21.05
4555;0;28.05
4556;0;04.05
4557;0;21.05
4559;0;24.05
4560;0;29.05
4561;0;10.05
4562;0;14.05
4563;0;23.05
4564;0;01.05
4567;0;30.05
4568;0;19.05
4569;0;05.05
4571;0;24.05
4572;0;06.05
4573;0;10.05
4574;0;04.05
4575;0;05.05
4576;0;19.05
4577;0;02.05
4578;0;05.05
4579;0;18.05
4580;0;07.05
4581;0;02.05
4582;0;24.05
4583;0;13.05
4584;0;25.05
4585;0;29.05
4586;0;02.05
4587;0;08.05
4588;0;12.05
4589;0;21.05
4590;1;03.05
4592;0;05.05
4593;0;22.05
4594;1;13.05
4595;0;17.05
4596;0;30.05
4597;0;23.05
4598;0;27.05
4599;0;10.05
4600;0;12.05
4601;0;17.05
4602;0;09.05
4603;0;03.05
4604;1;22.05
4605;0;25.05
4606;1;19.05
4607;1;30.05
4608;1;19.05
4609;1;17.05
4610;0;05.05
4611;0;24.05
4612;0;26.05
4613;0;16.05
4614;1;25.05
4615;1;10.05
4616;0;12.05
4617;1;24.05
4618;0;03.05
4619;0;01.05
4620;0;03.05
4621;0;28.05
4622;0;05.05
4623;0;03.05
4624;0;16.05
4625;0;27.05
4626;0;02.05
4627;0;01.05
4628;0;21.05
4629;0;01.05
4630;0;18.05
4631;1;26.05
4632;0;28.05
4633;1;04.05
4634;0;30.05
4635;0;22.05
4636;0;16.05
4637;0;17.05
4638;1;01.05
4639;0;14.05
4640;0;08.05
4641;0;21.05
4642;0;18.05
4643;0;14.05
4644;0;25.05
4645;0;09.05
4646;0;11.05
4647;0;25.05
4649;0;28.05
4650;1;05.05
4651;0;30.05
4652;0;10.05
4653;0;13.05
4655;0;08.05
4656;0;14.05
4658;0;25.05
4659;1;02.05
4660;0;25.05
4662;0;02.05
4663;0;14.05
4664;0;13.05
4665;0;11.05
4666;0;02.05
4667;0;11.05
4668;0;22.05
4669;0;24.05
4670;0;18.05
4671;0;12.05
4672;0;20.05
4673;0;10.05
4674;0;29.05
4676;0;26.05
4677;0;03.05
4678;0;30.05
4679;1;22.05
4680;0;02.05
4681;0;25.05
4682;0;26.05
4683;0;12.05
4684;0;09.05
4685;1;09.05
4686;0;19.05
4687;0;21.05
4688;0;28.05
4689;0;13.05
4690;0;13.05
4691;1;06.05
4693;0;10.05
4694;0;12.05
4695;0;28.05
4696;0;11.05
4697;0;17.05
4698;1;08.05
4699;0;08.05
4700;0;28.05
4701;1;26.05
4702;0;17.05
